Country Name,Country Code,Series Name,Series Code,2018 [YR2018]
Afghanistan,AFG,GDP per capita (constant 2015 US$),NY.GDP.PCAP.KD,553.973306037506
Afghanistan,AFG,"Life expectancy at birth, total (years)",SP.DYN.LE00.IN,63.081
Afghanistan,AFG,Current health expenditure (% of GDP),SH.XPD.CHEX.GD.ZS,14.20841885
Albania,ALB,GDP per capita (constant 2015 US$),NY.GDP.PCAP.KD,4431.55559506989
Albania,ALB,"Life expectancy at birth, total (years)",SP.DYN.LE00.IN,79.184
Albania,ALB,Current health expenditure (% of GDP),SH.XPD.CHEX.GD.ZS,6.66844559
Algeria,DZA,GDP per capita (constant 2015 US$),NY.GDP.PCAP.KD,4782.03470679763
Algeria,DZA,"Life expectancy at birth, total (years)",SP.DYN.LE00.IN,76.066
Algeria,DZA,Current health expenditure (% of GDP),SH.XPD.CHEX.GD.ZS,6.38729763
American Samoa,ASM,GDP per capita (constant 2015 US$),NY.GDP.PCAP.KD,13049.3301536176
American Samoa,ASM,"Life expectancy at birth, total (years)",SP.DYN.LE00.IN,..
American Samoa,ASM,Current health expenditure (% of GDP),SH.XPD.CHEX.GD.ZS,..
Andorra,AND,GDP per capita (constant 2015 US$),NY.GDP.PCAP.KD,39320.0924463621
Andorra,AND,"Life expectancy at birth, total (years)",SP.DYN.LE00.IN,..
Andorra,AND,Current health expenditure (% of GDP),SH.XPD.CHEX.GD.ZS,7.37541723
Angola,AGO,GDP per capita (constant 2015 US$),NY.GDP.PCAP.KD,2777.84304168235
Angola,AGO,"Life expectancy at birth, total (years)",SP.DYN.LE00.IN,62.144
Angola,AGO,Current health expenditure (% of GDP),SH.XPD.CHEX.GD.ZS,2.58879566
Antigua and Barbuda,ATG,GDP per capita (constant 2015 US$),NY.GDP.PCAP.KD,17901.0409130559
Antigua and Barbuda,ATG,"Life expectancy at birth, total (years)",SP.DYN.LE00.IN,78.511
Antigua and Barbuda,ATG,Current health expenditure (% of GDP),SH.XPD.CHEX.GD.ZS,4.84869289
Argentina,ARG,GDP per capita (constant 2015 US$),NY.GDP.PCAP.KD,13105.397163317
Argentina,ARG,"Life expectancy at birth, total (years)",SP.DYN.LE00.IN,76.999
Argentina,ARG,Current health expenditure (% of GDP),SH.XPD.CHEX.GD.ZS,10.29146862
Armenia,ARM,GDP per capita (constant 2015 US$),NY.GDP.PCAP.KD,4215.89939440524
Armenia,ARM,"Life expectancy at birth, total (years)",SP.DYN.LE00.IN,75.064
Armenia,ARM,Current health expenditure (% of GDP),SH.XPD.CHEX.GD.ZS,10.01
Aruba,ABW,GDP per capita (constant 2015 US$),NY.GDP.PCAP.KD,31172.8025129725
Aruba,ABW,"Life expectancy at birth, total (years)",SP.DYN.LE00.IN,76.072
Aruba,ABW,Current health expenditure (% of GDP),SH.XPD.CHEX.GD.ZS,..
Australia,AUS,GDP per capita (constant 2015 US$),NY.GDP.PCAP.KD,58600.7903562771
Australia,AUS,"Life expectancy at birth, total (years)",SP.DYN.LE00.IN,82.7487804878049
Australia,AUS,Current health expenditure (% of GDP),SH.XPD.CHEX.GD.ZS,10.05971909
Austria,AUT,GDP per capita (constant 2015 US$),NY.GDP.PCAP.KD,46154.6250956541
Austria,AUT,"Life expectancy at birth, total (years)",SP.DYN.LE00.IN,81.6926829268293
Austria,AUT,Current health expenditure (% of GDP),SH.XPD.CHEX.GD.ZS,10.35
Azerbaijan,AZE,GDP per capita (constant 2015 US$),NY.GDP.PCAP.KD,5262.36870473368
Azerbaijan,AZE,"Life expectancy at birth, total (years)",SP.DYN.LE00.IN,72.76
Azerbaijan,AZE,Current health expenditure (% of GDP),SH.XPD.CHEX.GD.ZS,3.84
"Bahamas, The",BHS,GDP per capita (constant 2015 US$),NY.GDP.PCAP.KD,30344.799600125
"Bahamas, The",BHS,"Life expectancy at birth, total (years)",SP.DYN.LE00.IN,73.806
"Bahamas, The",BHS,Current health expenditure (% of GDP),SH.XPD.CHEX.GD.ZS,5.98263836
Bahrain,BHR,GDP per capita (constant 2015 US$),NY.GDP.PCAP.KD,22994.1520744625
Bahrain,BHR,"Life expectancy at birth, total (years)",SP.DYN.LE00.IN,79.857
Bahrain,BHR,Current health expenditure (% of GDP),SH.XPD.CHEX.GD.ZS,4.12745667
Bangladesh,BGD,GDP per capita (constant 2015 US$),NY.GDP.PCAP.KD,1460.81351644884
Bangladesh,BGD,"Life expectancy at birth, total (years)",SP.DYN.LE00.IN,72.567
Bangladesh,BGD,Current health expenditure (% of GDP),SH.XPD.CHEX.GD.ZS,2.31622243
Barbados,BRB,GDP per capita (constant 2015 US$),NY.GDP.PCAP.KD,17334.2131377485
Barbados,BRB,"Life expectancy at birth, total (years)",SP.DYN.LE00.IN,77.067
Barbados,BRB,Current health expenditure (% of GDP),SH.XPD.CHEX.GD.ZS,6.45336485
Belarus,BLR,GDP per capita (constant 2015 US$),NY.GDP.PCAP.KD,6165.95788671048
Belarus,BLR,"Life expectancy at birth, total (years)",SP.DYN.LE00.IN,74.1756097560976
Belarus,BLR,Current health expenditure (% of GDP),SH.XPD.CHEX.GD.ZS,5.53
Belgium,BEL,GDP per capita (constant 2015 US$),NY.GDP.PCAP.KD,42382.3182763247
Belgium,BEL,"Life expectancy at birth, total (years)",SP.DYN.LE00.IN,81.5951219512195
Belgium,BEL,Current health expenditure (% of GDP),SH.XPD.CHEX.GD.ZS,10.86148262
Belize,BLZ,GDP per capita (constant 2015 US$),NY.GDP.PCAP.KD,5699.06280152249
Belize,BLZ,"Life expectancy at birth, total (years)",SP.DYN.LE00.IN,73.703
Belize,BLZ,Current health expenditure (% of GDP),SH.XPD.CHEX.GD.ZS,4.74657917
Benin,BEN,GDP per capita (constant 2015 US$),NY.GDP.PCAP.KD,1111.22724744153
Benin,BEN,"Life expectancy at birth, total (years)",SP.DYN.LE00.IN,60.14
Benin,BEN,Current health expenditure (% of GDP),SH.XPD.CHEX.GD.ZS,2.88632059
Bermuda,BMU,GDP per capita (constant 2015 US$),NY.GDP.PCAP.KD,106697.737486296
Bermuda,BMU,"Life expectancy at birth, total (years)",SP.DYN.LE00.IN,80.825
Bermuda,BMU,Current health expenditure (% of GDP),SH.XPD.CHEX.GD.ZS,..
Bhutan,BTN,GDP per capita (constant 2015 US$),NY.GDP.PCAP.KD,3283.77566749485
Bhutan,BTN,"Life expectancy at birth, total (years)",SP.DYN.LE00.IN,71.129
Bhutan,BTN,Current health expenditure (% of GDP),SH.XPD.CHEX.GD.ZS,3.2427721
Bolivia,BOL,GDP per capita (constant 2015 US$),NY.GDP.PCAP.KD,3219.20089192093
Bolivia,BOL,"Life expectancy at birth, total (years)",SP.DYN.LE00.IN,67.748
Bolivia,BOL,Current health expenditure (% of GDP),SH.XPD.CHEX.GD.ZS,6.60399437
Bosnia and Herzegovina,BIH,GDP per capita (constant 2015 US$),NY.GDP.PCAP.KD,5339.47706826984
Bosnia and Herzegovina,BIH,"Life expectancy at birth, total (years)",SP.DYN.LE00.IN,77.093
Bosnia and Herzegovina,BIH,Current health expenditure (% of GDP),SH.XPD.CHEX.GD.ZS,8.76
Botswana,BWA,GDP per capita (constant 2015 US$),NY.GDP.PCAP.KD,6418.70635422259
Botswana,BWA,"Life expectancy at birth, total (years)",SP.DYN.LE00.IN,65.422
Botswana,BWA,Current health expenditure (% of GDP),SH.XPD.CHEX.GD.ZS,6.04010344
Brazil,BRA,GDP per capita (constant 2015 US$),NY.GDP.PCAP.KD,8553.86590205122
Brazil,BRA,"Life expectancy at birth, total (years)",SP.DYN.LE00.IN,75.109
Brazil,BRA,Current health expenditure (% of GDP),SH.XPD.CHEX.GD.ZS,9.46475029
British Virgin Islands,VGB,GDP per capita (constant 2015 US$),NY.GDP.PCAP.KD,..
British Virgin Islands,VGB,"Life expectancy at birth, total (years)",SP.DYN.LE00.IN,75.831
British Virgin Islands,VGB,Current health expenditure (% of GDP),SH.XPD.CHEX.GD.ZS,..
Brunei Darussalam,BRN,GDP per capita (constant 2015 US$),NY.GDP.PCAP.KD,29437.8651779688
Brunei Darussalam,BRN,"Life expectancy at birth, total (years)",SP.DYN.LE00.IN,74.712
Brunei Darussalam,BRN,Current health expenditure (% of GDP),SH.XPD.CHEX.GD.ZS,2.41289377
Bulgaria,BGR,GDP per capita (constant 2015 US$),NY.GDP.PCAP.KD,7862.86182980047
Bulgaria,BGR,"Life expectancy at birth, total (years)",SP.DYN.LE00.IN,74.9634146341464
Bulgaria,BGR,Current health expenditure (% of GDP),SH.XPD.CHEX.GD.ZS,7.33
Burkina Faso,BFA,GDP per capita (constant 2015 US$),NY.GDP.PCAP.KD,696.044570830807
Burkina Faso,BFA,"Life expectancy at birth, total (years)",SP.DYN.LE00.IN,60.047
Burkina Faso,BFA,Current health expenditure (% of GDP),SH.XPD.CHEX.GD.ZS,5.0057807
Burundi,BDI,GDP per capita (constant 2015 US$),NY.GDP.PCAP.KD,274.131908470855
Burundi,BDI,"Life expectancy at birth, total (years)",SP.DYN.LE00.IN,61.688
Burundi,BDI,Current health expenditure (% of GDP),SH.XPD.CHEX.GD.ZS,7.29396152
Cabo Verde,CPV,GDP per capita (constant 2015 US$),NY.GDP.PCAP.KD,3463.81281889513
Cabo Verde,CPV,"Life expectancy at birth, total (years)",SP.DYN.LE00.IN,75.733
Cabo Verde,CPV,Current health expenditure (% of GDP),SH.XPD.CHEX.GD.ZS,4.73804712
Cambodia,KHM,GDP per capita (constant 2015 US$),NY.GDP.PCAP.KD,1384.96802283531
Cambodia,KHM,"Life expectancy at birth, total (years)",SP.DYN.LE00.IN,70.561
Cambodia,KHM,Current health expenditure (% of GDP),SH.XPD.CHEX.GD.ZS,6.06630135
Cameroon,CMR,GDP per capita (constant 2015 US$),NY.GDP.PCAP.KD,1445.26777135975
Cameroon,CMR,"Life expectancy at birth, total (years)",SP.DYN.LE00.IN,61.18
Cameroon,CMR,Current health expenditure (% of GDP),SH.XPD.CHEX.GD.ZS,3.61970162
Canada,CAN,GDP per capita (constant 2015 US$),NY.GDP.PCAP.KD,44907.3436837248
Canada,CAN,"Life expectancy at birth, total (years)",SP.DYN.LE00.IN,81.8439024390244
Canada,CAN,Current health expenditure (% of GDP),SH.XPD.CHEX.GD.ZS,10.90542507
Cayman Islands,CYM,GDP per capita (constant 2015 US$),NY.GDP.PCAP.KD,80597.7086377604
Cayman Islands,CYM,"Life expectancy at birth, total (years)",SP.DYN.LE00.IN,..
Cayman Islands,CYM,Current health expenditure (% of GDP),SH.XPD.CHEX.GD.ZS,..
Central African Republic,CAF,GDP per capita (constant 2015 US$),NY.GDP.PCAP.KD,378.263077805926
Central African Republic,CAF,"Life expectancy at birth, total (years)",SP.DYN.LE00.IN,54.369
Central African Republic,CAF,Current health expenditure (% of GDP),SH.XPD.CHEX.GD.ZS,10.99657822
Chad,TCD,GDP per capita (constant 2015 US$),NY.GDP.PCAP.KD,653.349761493496
Chad,TCD,"Life expectancy at birth, total (years)",SP.DYN.LE00.IN,52.825
Chad,TCD,Current health expenditure (% of GDP),SH.XPD.CHEX.GD.ZS,4.56768799
Channel Islands,CHI,GDP per capita (constant 2015 US$),NY.GDP.PCAP.KD,..
Channel Islands,CHI,"Life expectancy at birth, total (years)",SP.DYN.LE00.IN,81.375
Channel Islands,CHI,Current health expenditure (% of GDP),SH.XPD.CHEX.GD.ZS,..
Chile,CHL,GDP per capita (constant 2015 US$),NY.GDP.PCAP.KD,13904.1153384034
Chile,CHL,"Life expectancy at birth, total (years)",SP.DYN.LE00.IN,80.133
Chile,CHL,Current health expenditure (% of GDP),SH.XPD.CHEX.GD.ZS,9.22575188
China,CHN,GDP per capita (constant 2015 US$),NY.GDP.PCAP.KD,9619.20947510677
China,CHN,"Life expectancy at birth, total (years)",SP.DYN.LE00.IN,77.744
China,CHN,Current health expenditure (% of GDP),SH.XPD.CHEX.GD.ZS,5.16790485
Colombia,COL,GDP per capita (constant 2015 US$),NY.GDP.PCAP.KD,6320.99074680751
Colombia,COL,"Life expectancy at birth, total (years)",SP.DYN.LE00.IN,76.748
Colombia,COL,Current health expenditure (% of GDP),SH.XPD.CHEX.GD.ZS,7.62541437
Comoros,COM,GDP per capita (constant 2015 US$),NY.GDP.PCAP.KD,1383.37787346626
Comoros,COM,"Life expectancy at birth, total (years)",SP.DYN.LE00.IN,63.912
Comoros,COM,Current health expenditure (% of GDP),SH.XPD.CHEX.GD.ZS,4.90318584
"Congo, Dem. Rep.",COD,GDP per capita (constant 2015 US$),NY.GDP.PCAP.KD,489.382374635897
"Congo, Dem. Rep.",COD,"Life expectancy at birth, total (years)",SP.DYN.LE00.IN,59.942
"Congo, Dem. Rep.",COD,Current health expenditure (% of GDP),SH.XPD.CHEX.GD.ZS,3.24127173
"Congo, Rep.",COG,GDP per capita (constant 2015 US$),NY.GDP.PCAP.KD,1924.71880170369
"Congo, Rep.",COG,"Life expectancy at birth, total (years)",SP.DYN.LE00.IN,64.053
"Congo, Rep.",COG,Current health expenditure (% of GDP),SH.XPD.CHEX.GD.ZS,1.8976357
Costa Rica,CRI,GDP per capita (constant 2015 US$),NY.GDP.PCAP.KD,12470.9574208108
Costa Rica,CRI,"Life expectancy at birth, total (years)",SP.DYN.LE00.IN,79.484
Costa Rica,CRI,Current health expenditure (% of GDP),SH.XPD.CHEX.GD.ZS,7.28587723
Cote d'Ivoire,CIV,GDP per capita (constant 2015 US$),NY.GDP.PCAP.KD,2168.9134420144
Cote d'Ivoire,CIV,"Life expectancy at birth, total (years)",SP.DYN.LE00.IN,58.849
Cote d'Ivoire,CIV,Current health expenditure (% of GDP),SH.XPD.CHEX.GD.ZS,3.0916779
Croatia,HRV,GDP per capita (constant 2015 US$),NY.GDP.PCAP.KD,13768.18944713
Croatia,HRV,"Life expectancy at birth, total (years)",SP.DYN.LE00.IN,78.0707317073171
Croatia,HRV,Current health expenditure (% of GDP),SH.XPD.CHEX.GD.ZS,6.75
Cuba,CUB,GDP per capita (constant 2015 US$),NY.GDP.PCAP.KD,8047.94103064616
Cuba,CUB,"Life expectancy at birth, total (years)",SP.DYN.LE00.IN,77.496
Cuba,CUB,Current health expenditure (% of GDP),SH.XPD.CHEX.GD.ZS,11.0184288
Curacao,CUW,GDP per capita (constant 2015 US$),NY.GDP.PCAP.KD,18355.1767135889
Curacao,CUW,"Life expectancy at birth, total (years)",SP.DYN.LE00.IN,..
Curacao,CUW,Current health expenditure (% of GDP),SH.XPD.CHEX.GD.ZS,..
Cyprus,CYP,GDP per capita (constant 2015 US$),NY.GDP.PCAP.KD,27241.064453125
Cyprus,CYP,"Life expectancy at birth, total (years)",SP.DYN.LE00.IN,81.382
Cyprus,CYP,Current health expenditure (% of GDP),SH.XPD.CHEX.GD.ZS,6.83
Czechia,CZE,GDP per capita (constant 2015 US$),NY.GDP.PCAP.KD,19689.5827032979
Czechia,CZE,"Life expectancy at birth, total (years)",SP.DYN.LE00.IN,79.0292682926829
Czechia,CZE,Current health expenditure (% of GDP),SH.XPD.CHEX.GD.ZS,7.47048092
Denmark,DNK,GDP per capita (constant 2015 US$),NY.GDP.PCAP.KD,56563.4884729669
Denmark,DNK,"Life expectancy at birth, total (years)",SP.DYN.LE00.IN,80.9536585365854
Denmark,DNK,Current health expenditure (% of GDP),SH.XPD.CHEX.GD.ZS,10.1
Djibouti,DJI,GDP per capita (constant 2015 US$),NY.GDP.PCAP.KD,2714.35164845975
Djibouti,DJI,"Life expectancy at birth, total (years)",SP.DYN.LE00.IN,63.038
Djibouti,DJI,Current health expenditure (% of GDP),SH.XPD.CHEX.GD.ZS,2.33968735
Dominica,DMA,GDP per capita (constant 2015 US$),NY.GDP.PCAP.KD,7586.64614100055
Dominica,DMA,"Life expectancy at birth, total (years)",SP.DYN.LE00.IN,73.59
Dominica,DMA,Current health expenditure (% of GDP),SH.XPD.CHEX.GD.ZS,6.18495989
Dominican Republic,DOM,GDP per capita (constant 2015 US$),NY.GDP.PCAP.KD,7894.95519223748
Dominican Republic,DOM,"Life expectancy at birth, total (years)",SP.DYN.LE00.IN,73.232
Dominican Republic,DOM,Current health expenditure (% of GDP),SH.XPD.CHEX.GD.ZS,4.12601566
Ecuador,ECU,GDP per capita (constant 2015 US$),NY.GDP.PCAP.KD,6075.16615648774
Ecuador,ECU,"Life expectancy at birth, total (years)",SP.DYN.LE00.IN,77.094
Ecuador,ECU,Current health expenditure (% of GDP),SH.XPD.CHEX.GD.ZS,7.82609653
"Egypt, Arab Rep.",EGY,GDP per capita (constant 2015 US$),NY.GDP.PCAP.KD,3635.42058228397
"Egypt, Arab Rep.",EGY,"Life expectancy at birth, total (years)",SP.DYN.LE00.IN,71.367
"Egypt, Arab Rep.",EGY,Current health expenditure (% of GDP),SH.XPD.CHEX.GD.ZS,4.74892998
El Salvador,SLV,GDP per capita (constant 2015 US$),NY.GDP.PCAP.KD,4009.71655712472
El Salvador,SLV,"Life expectancy at birth, total (years)",SP.DYN.LE00.IN,72.555
El Salvador,SLV,Current health expenditure (% of GDP),SH.XPD.CHEX.GD.ZS,8.322752
Equatorial Guinea,GNQ,GDP per capita (constant 2015 US$),NY.GDP.PCAP.KD,7079.65052622091
Equatorial Guinea,GNQ,"Life expectancy at birth, total (years)",SP.DYN.LE00.IN,61.191
Equatorial Guinea,GNQ,Current health expenditure (% of GDP),SH.XPD.CHEX.GD.ZS,2.85223937
Eritrea,ERI,GDP per capita (constant 2015 US$),NY.GDP.PCAP.KD,..
Eritrea,ERI,"Life expectancy at birth, total (years)",SP.DYN.LE00.IN,67.067
Eritrea,ERI,Current health expenditure (% of GDP),SH.XPD.CHEX.GD.ZS,4.12701797
Estonia,EST,GDP per capita (constant 2015 US$),NY.GDP.PCAP.KD,19611.6109936281
Estonia,EST,"Life expectancy at birth, total (years)",SP.DYN.LE00.IN,78.2439024390244
Estonia,EST,Current health expenditure (% of GDP),SH.XPD.CHEX.GD.ZS,6.6912818
Eswatini,SWZ,GDP per capita (constant 2015 US$),NY.GDP.PCAP.KD,3696.35985012092
Eswatini,SWZ,"Life expectancy at birth, total (years)",SP.DYN.LE00.IN,59.411
Eswatini,SWZ,Current health expenditure (% of GDP),SH.XPD.CHEX.GD.ZS,6.62469387
Ethiopia,ETH,GDP per capita (constant 2015 US$),NY.GDP.PCAP.KD,744.367520290091
Ethiopia,ETH,"Life expectancy at birth, total (years)",SP.DYN.LE00.IN,65.412
Ethiopia,ETH,Current health expenditure (% of GDP),SH.XPD.CHEX.GD.ZS,3.30371761
Faroe Islands,FRO,GDP per capita (constant 2015 US$),NY.GDP.PCAP.KD,54506.387071933
Faroe Islands,FRO,"Life expectancy at birth, total (years)",SP.DYN.LE00.IN,82.4951219512195
Faroe Islands,FRO,Current health expenditure (% of GDP),SH.XPD.CHEX.GD.ZS,..
Fiji,FJI,GDP per capita (constant 2015 US$),NY.GDP.PCAP.KD,5708.91093020969
Fiji,FJI,"Life expectancy at birth, total (years)",SP.DYN.LE00.IN,67.81
Fiji,FJI,Current health expenditure (% of GDP),SH.XPD.CHEX.GD.ZS,4.10572624
Finland,FIN,GDP per capita (constant 2015 US$),NY.GDP.PCAP.KD,45627.9198947233
Finland,FIN,"Life expectancy at birth, total (years)",SP.DYN.LE00.IN,81.7341463414634
Finland,FIN,Current health expenditure (% of GDP),SH.XPD.CHEX.GD.ZS,9.05
France,FRA,GDP per capita (constant 2015 US$),NY.GDP.PCAP.KD,38259.6977698474
France,FRA,"Life expectancy at birth, total (years)",SP.DYN.LE00.IN,82.6756097560976
France,FRA,Current health expenditure (% of GDP),SH.XPD.CHEX.GD.ZS,11.20798969
French Polynesia,PYF,GDP per capita (constant 2015 US$),NY.GDP.PCAP.KD,19471.3901061808
French Polynesia,PYF,"Life expectancy at birth, total (years)",SP.DYN.LE00.IN,82.783
French Polynesia,PYF,Current health expenditure (% of GDP),SH.XPD.CHEX.GD.ZS,..
Gabon,GAB,GDP per capita (constant 2015 US$),NY.GDP.PCAP.KD,6786.89034991238
Gabon,GAB,"Life expectancy at birth, total (years)",SP.DYN.LE00.IN,66.306
Gabon,GAB,Current health expenditure (% of GDP),SH.XPD.CHEX.GD.ZS,2.74500418
"Gambia, The",GMB,GDP per capita (constant 2015 US$),NY.GDP.PCAP.KD,645.938187151588
"Gambia, The",GMB,"Life expectancy at birth, total (years)",SP.DYN.LE00.IN,63.04
"Gambia, The",GMB,Current health expenditure (% of GDP),SH.XPD.CHEX.GD.ZS,3.34384227
Georgia,GEO,GDP per capita (constant 2015 US$),NY.GDP.PCAP.KD,4713.65354845303
Georgia,GEO,"Life expectancy at birth, total (years)",SP.DYN.LE00.IN,73.341
Georgia,GEO,Current health expenditure (% of GDP),SH.XPD.CHEX.GD.ZS,7.11
Germany,DEU,GDP per capita (constant 2015 US$),NY.GDP.PCAP.KD,42928.7412368012
Germany,DEU,"Life expectancy at birth, total (years)",SP.DYN.LE00.IN,80.8926829268293
Germany,DEU,Current health expenditure (% of GDP),SH.XPD.CHEX.GD.ZS,11.48051548
Ghana,GHA,GDP per capita (constant 2015 US$),NY.GDP.PCAP.KD,1899.8084315335
Ghana,GHA,"Life expectancy at birth, total (years)",SP.DYN.LE00.IN,64.122
Ghana,GHA,Current health expenditure (% of GDP),SH.XPD.CHEX.GD.ZS,3.80673027
Gibraltar,GIB,GDP per capita (constant 2015 US$),NY.GDP.PCAP.KD,..
Gibraltar,GIB,"Life expectancy at birth, total (years)",SP.DYN.LE00.IN,82.154
Gibraltar,GIB,Current health expenditure (% of GDP),SH.XPD.CHEX.GD.ZS,..
Greece,GRC,GDP per capita (constant 2015 US$),NY.GDP.PCAP.KD,18647.4957207515
Greece,GRC,"Life expectancy at birth, total (years)",SP.DYN.LE00.IN,81.7878048780488
Greece,GRC,Current health expenditure (% of GDP),SH.XPD.CHEX.GD.ZS,8.12024307
Greenland,GRL,GDP per capita (constant 2015 US$),NY.GDP.PCAP.KD,47012.9860350276
Greenland,GRL,"Life expectancy at birth, total (years)",SP.DYN.LE00.IN,71.9675609756098
Greenland,GRL,Current health expenditure (% of GDP),SH.XPD.CHEX.GD.ZS,..
Grenada,GRD,GDP per capita (constant 2015 US$),NY.GDP.PCAP.KD,9252.55403427554
Grenada,GRD,"Life expectancy at birth, total (years)",SP.DYN.LE00.IN,74.808
Grenada,GRD,Current health expenditure (% of GDP),SH.XPD.CHEX.GD.ZS,4.58373737
Guam,GUM,GDP per capita (constant 2015 US$),NY.GDP.PCAP.KD,34460.4465269452
Guam,GUM,"Life expectancy at birth, total (years)",SP.DYN.LE00.IN,77.439
Guam,GUM,Current health expenditure (% of GDP),SH.XPD.CHEX.GD.ZS,..
Guatemala,GTM,GDP per capita (constant 2015 US$),NY.GDP.PCAP.KD,4163.47630221389
Guatemala,GTM,"Life expectancy at birth, total (years)",SP.DYN.LE00.IN,72.726
Guatemala,GTM,Current health expenditure (% of GDP),SH.XPD.CHEX.GD.ZS,6.10662699
Guinea,GIN,GDP per capita (constant 2015 US$),NY.GDP.PCAP.KD,910.652641922598
Guinea,GIN,"Life expectancy at birth, total (years)",SP.DYN.LE00.IN,59.349
Guinea,GIN,Current health expenditure (% of GDP),SH.XPD.CHEX.GD.ZS,3.73843002
Guinea-Bissau,GNB,GDP per capita (constant 2015 US$),NY.GDP.PCAP.KD,685.462949775585
Guinea-Bissau,GNB,"Life expectancy at birth, total (years)",SP.DYN.LE00.IN,60.502
Guinea-Bissau,GNB,Current health expenditure (% of GDP),SH.XPD.CHEX.GD.ZS,7.28130722
Guyana,GUY,GDP per capita (constant 2015 US$),NY.GDP.PCAP.KD,6127.67910664033
Guyana,GUY,"Life expectancy at birth, total (years)",SP.DYN.LE00.IN,68.896
Guyana,GUY,Current health expenditure (% of GDP),SH.XPD.CHEX.GD.ZS,4.90492535
Haiti,HTI,GDP per capita (constant 2015 US$),NY.GDP.PCAP.KD,1430.81876709923
Haiti,HTI,"Life expectancy at birth, total (years)",SP.DYN.LE00.IN,64.019
Haiti,HTI,Current health expenditure (% of GDP),SH.XPD.CHEX.GD.ZS,4.31650305
Honduras,HND,GDP per capita (constant 2015 US$),NY.GDP.PCAP.KD,2423.27605962903
Honduras,HND,"Life expectancy at birth, total (years)",SP.DYN.LE00.IN,72.814
Honduras,HND,Current health expenditure (% of GDP),SH.XPD.CHEX.GD.ZS,7.22820663
"Hong Kong SAR, China",HKG,GDP per capita (constant 2015 US$),NY.GDP.PCAP.KD,45280.4738923626
"Hong Kong SAR, China",HKG,"Life expectancy at birth, total (years)",SP.DYN.LE00.IN,84.869756097561
"Hong Kong SAR, China",HKG,Current health expenditure (% of GDP),SH.XPD.CHEX.GD.ZS,..
Hungary,HUN,GDP per capita (constant 2015 US$),NY.GDP.PCAP.KD,14377.4241602939
Hungary,HUN,"Life expectancy at birth, total (years)",SP.DYN.LE00.IN,76.0658536585366
Hungary,HUN,Current health expenditure (% of GDP),SH.XPD.CHEX.GD.ZS,6.58
Iceland,ISL,GDP per capita (constant 2015 US$),NY.GDP.PCAP.KD,57697.8044237427
Iceland,ISL,"Life expectancy at birth, total (years)",SP.DYN.LE00.IN,82.8609756097561
Iceland,ISL,Current health expenditure (% of GDP),SH.XPD.CHEX.GD.ZS,8.38
India,IND,GDP per capita (constant 2015 US$),NY.GDP.PCAP.KD,1891.13843545663
India,IND,"Life expectancy at birth, total (years)",SP.DYN.LE00.IN,70.71
India,IND,Current health expenditure (% of GDP),SH.XPD.CHEX.GD.ZS,2.86
Indonesia,IDN,GDP per capita (constant 2015 US$),NY.GDP.PCAP.KD,3741.30526682049
Indonesia,IDN,"Life expectancy at birth, total (years)",SP.DYN.LE00.IN,70.338
Indonesia,IDN,Current health expenditure (% of GDP),SH.XPD.CHEX.GD.ZS,2.86757827
"Iran, Islamic Rep.",IRN,GDP per capita (constant 2015 US$),NY.GDP.PCAP.KD,5233.28205397474
"Iran, Islamic Rep.",IRN,"Life expectancy at birth, total (years)",SP.DYN.LE00.IN,76.195
"Iran, Islamic Rep.",IRN,Current health expenditure (% of GDP),SH.XPD.CHEX.GD.ZS,7.73915195
Iraq,IRQ,GDP per capita (constant 2015 US$),NY.GDP.PCAP.KD,4710.97614870841
Iraq,IRQ,"Life expectancy at birth, total (years)",SP.DYN.LE00.IN,71.514
Iraq,IRQ,Current health expenditure (% of GDP),SH.XPD.CHEX.GD.ZS,4.12989378
Ireland,IRL,GDP per capita (constant 2015 US$),NY.GDP.PCAP.KD,72478.8382398373
Ireland,IRL,"Life expectancy at birth, total (years)",SP.DYN.LE00.IN,82.2048780487805
Ireland,IRL,Current health expenditure (% of GDP),SH.XPD.CHEX.GD.ZS,6.49550152
Isle of Man,IMN,GDP per capita (constant 2015 US$),NY.GDP.PCAP.KD,95074.4397186048
Isle of Man,IMN,"Life expectancy at birth, total (years)",SP.DYN.LE00.IN,80.596
Isle of Man,IMN,Current health expenditure (% of GDP),SH.XPD.CHEX.GD.ZS,..
Israel,ISR,GDP per capita (constant 2015 US$),NY.GDP.PCAP.KD,38744.1604404811
Israel,ISR,"Life expectancy at birth, total (years)",SP.DYN.LE00.IN,82.8024390243903
Israel,ISR,Current health expenditure (% of GDP),SH.XPD.CHEX.GD.ZS,7.23
Italy,ITA,GDP per capita (constant 2015 US$),NY.GDP.PCAP.KD,31593.4802621599
Italy,ITA,"Life expectancy at birth, total (years)",SP.DYN.LE00.IN,83.3463414634146
Italy,ITA,Current health expenditure (% of GDP),SH.XPD.CHEX.GD.ZS,8.68
Jamaica,JAM,GDP per capita (constant 2015 US$),NY.GDP.PCAP.KD,5264.1964521584
Jamaica,JAM,"Life expectancy at birth, total (years)",SP.DYN.LE00.IN,71.793
Jamaica,JAM,Current health expenditure (% of GDP),SH.XPD.CHEX.GD.ZS,5.96798849
Japan,JPN,GDP per capita (constant 2015 US$),NY.GDP.PCAP.KD,36138.5290824719
Japan,JPN,"Life expectancy at birth, total (years)",SP.DYN.LE00.IN,84.2109756097561
Japan,JPN,Current health expenditure (% of GDP),SH.XPD.CHEX.GD.ZS,10.74
Jordan,JOR,GDP per capita (constant 2015 US$),NY.GDP.PCAP.KD,3929.68718472936
Jordan,JOR,"Life expectancy at birth, total (years)",SP.DYN.LE00.IN,75.774
Jordan,JOR,Current health expenditure (% of GDP),SH.XPD.CHEX.GD.ZS,6.98295021
Kazakhstan,KAZ,GDP per capita (constant 2015 US$),NY.GDP.PCAP.KD,11053.3604174846
Kazakhstan,KAZ,"Life expectancy at birth, total (years)",SP.DYN.LE00.IN,73.15
Kazakhstan,KAZ,Current health expenditure (% of GDP),SH.XPD.CHEX.GD.ZS,2.82
Kenya,KEN,GDP per capita (constant 2015 US$),NY.GDP.PCAP.KD,1604.80293212228
Kenya,KEN,"Life expectancy at birth, total (years)",SP.DYN.LE00.IN,62.676
Kenya,KEN,Current health expenditure (% of GDP),SH.XPD.CHEX.GD.ZS,4.09903383
Kiribati,KIR,GDP per capita (constant 2015 US$),NY.GDP.PCAP.KD,1799.26863966721
Kiribati,KIR,"Life expectancy at birth, total (years)",SP.DYN.LE00.IN,66.855
Kiribati,KIR,Current health expenditure (% of GDP),SH.XPD.CHEX.GD.ZS,12.97
"Korea, Dem. People's Rep.",PRK,GDP per capita (constant 2015 US$),NY.GDP.PCAP.KD,..
"Korea, Dem. People's Rep.",PRK,"Life expectancy at birth, total (years)",SP.DYN.LE00.IN,73.031
"Korea, Dem. People's Rep.",PRK,Current health expenditure (% of GDP),SH.XPD.CHEX.GD.ZS,..
"Korea, Rep.",KOR,GDP per capita (constant 2015 US$),NY.GDP.PCAP.KD,31059.2668087927
"Korea, Rep.",KOR,"Life expectancy at birth, total (years)",SP.DYN.LE00.IN,82.6268292682927
"Korea, Rep.",KOR,Current health expenditure (% of GDP),SH.XPD.CHEX.GD.ZS,7.49119806
Kosovo,XKX,GDP per capita (constant 2015 US$),NY.GDP.PCAP.KD,4009.12363850589
Kosovo,XKX,"Life expectancy at birth, total (years)",SP.DYN.LE00.IN,78.696
Kosovo,XKX,Current health expenditure (% of GDP),SH.XPD.CHEX.GD.ZS,..
Kuwait,KWT,GDP per capita (constant 2015 US$),NY.GDP.PCAP.KD,26664.6487904648
Kuwait,KWT,"Life expectancy at birth, total (years)",SP.DYN.LE00.IN,79.722
Kuwait,KWT,Current health expenditure (% of GDP),SH.XPD.CHEX.GD.ZS,5.18862629
Kyrgyz Republic,KGZ,GDP per capita (constant 2015 US$),NY.GDP.PCAP.KD,1197.61057526025
Kyrgyz Republic,KGZ,"Life expectancy at birth, total (years)",SP.DYN.LE00.IN,71.4
Kyrgyz Republic,KGZ,Current health expenditure (% of GDP),SH.XPD.CHEX.GD.ZS,5.01
Lao PDR,LAO,GDP per capita (constant 2015 US$),NY.GDP.PCAP.KD,2467.95557992654
Lao PDR,LAO,"Life expectancy at birth, total (years)",SP.DYN.LE00.IN,67.634
Lao PDR,LAO,Current health expenditure (% of GDP),SH.XPD.CHEX.GD.ZS,2.24630332
Latvia,LVA,GDP per capita (constant 2015 US$),NY.GDP.PCAP.KD,15558.4920048315
Latvia,LVA,"Life expectancy at birth, total (years)",SP.DYN.LE00.IN,74.7829268292683
Latvia,LVA,Current health expenditure (% of GDP),SH.XPD.CHEX.GD.ZS,6.19
Lebanon,LBN,GDP per capita (constant 2015 US$),NY.GDP.PCAP.KD,8435.63735402702
Lebanon,LBN,"Life expectancy at birth, total (years)",SP.DYN.LE00.IN,79.729
Lebanon,LBN,Current health expenditure (% of GDP),SH.XPD.CHEX.GD.ZS,8.07092381
Lesotho,LSO,GDP per capita (constant 2015 US$),NY.GDP.PCAP.KD,1061.43805871852
Lesotho,LSO,"Life expectancy at birth, total (years)",SP.DYN.LE00.IN,53.733
Lesotho,LSO,Current health expenditure (% of GDP),SH.XPD.CHEX.GD.ZS,11.114995
Liberia,LBR,GDP per capita (constant 2015 US$),NY.GDP.PCAP.KD,673.411391957645
Liberia,LBR,"Life expectancy at birth, total (years)",SP.DYN.LE00.IN,60.853
Liberia,LBR,Current health expenditure (% of GDP),SH.XPD.CHEX.GD.ZS,10.35222721
Libya,LBY,GDP per capita (constant 2015 US$),NY.GDP.PCAP.KD,10595.2457532247
Libya,LBY,"Life expectancy at birth, total (years)",SP.DYN.LE00.IN,72.794
Libya,LBY,Current health expenditure (% of GDP),SH.XPD.CHEX.GD.ZS,..
Liechtenstein,LIE,GDP per capita (constant 2015 US$),NY.GDP.PCAP.KD,..
Liechtenstein,LIE,"Life expectancy at birth, total (years)",SP.DYN.LE00.IN,83.0414634146342
Liechtenstein,LIE,Current health expenditure (% of GDP),SH.XPD.CHEX.GD.ZS,..
Lithuania,LTU,GDP per capita (constant 2015 US$),NY.GDP.PCAP.KD,16443.5852875776
Lithuania,LTU,"Life expectancy at birth, total (years)",SP.DYN.LE00.IN,75.6804878048781
Lithuania,LTU,Current health expenditure (% of GDP),SH.XPD.CHEX.GD.ZS,6.53
Luxembourg,LUX,GDP per capita (constant 2015 US$),NY.GDP.PCAP.KD,106376.783565763
Luxembourg,LUX,"Life expectancy at birth, total (years)",SP.DYN.LE00.IN,82.2951219512195
Luxembourg,LUX,Current health expenditure (% of GDP),SH.XPD.CHEX.GD.ZS,5.28
"Macao SAR, China",MAC,GDP per capita (constant 2015 US$),NY.GDP.PCAP.KD,80342.5875773682
"Macao SAR, China",MAC,"Life expectancy at birth, total (years)",SP.DYN.LE00.IN,84.928
"Macao SAR, China",MAC,Current health expenditure (% of GDP),SH.XPD.CHEX.GD.ZS,..
Madagascar,MDG,GDP per capita (constant 2015 US$),NY.GDP.PCAP.KD,470.423898266865
Madagascar,MDG,"Life expectancy at birth, total (years)",SP.DYN.LE00.IN,65.27
Madagascar,MDG,Current health expenditure (% of GDP),SH.XPD.CHEX.GD.ZS,4.22846937
Malawi,MWI,GDP per capita (constant 2015 US$),NY.GDP.PCAP.KD,558.560452702602
Malawi,MWI,"Life expectancy at birth, total (years)",SP.DYN.LE00.IN,63.276
Malawi,MWI,Current health expenditure (% of GDP),SH.XPD.CHEX.GD.ZS,6.87366676
Malaysia,MYS,GDP per capita (constant 2015 US$),NY.GDP.PCAP.KD,10777.7665213518
Malaysia,MYS,"Life expectancy at birth, total (years)",SP.DYN.LE00.IN,75.644
Malaysia,MYS,Current health expenditure (% of GDP),SH.XPD.CHEX.GD.ZS,3.75944281
Maldives,MDV,GDP per capita (constant 2015 US$),NY.GDP.PCAP.KD,10453.6355243607
Maldives,MDV,"Life expectancy at birth, total (years)",SP.DYN.LE00.IN,80.013
Maldives,MDV,Current health expenditure (% of GDP),SH.XPD.CHEX.GD.ZS,7.44
Mali,MLI,GDP per capita (constant 2015 US$),NY.GDP.PCAP.KD,767.571595521859
Mali,MLI,"Life expectancy at birth, total (years)",SP.DYN.LE00.IN,59.393
Mali,MLI,Current health expenditure (% of GDP),SH.XPD.CHEX.GD.ZS,3.73249912
Malta,MLT,GDP per capita (constant 2015 US$),NY.GDP.PCAP.KD,28177.5495393975
Malta,MLT,"Life expectancy at birth, total (years)",SP.DYN.LE00.IN,82.4487804878049
Malta,MLT,Current health expenditure (% of GDP),SH.XPD.CHEX.GD.ZS,8.55
Marshall Islands,MHL,GDP per capita (constant 2015 US$),NY.GDP.PCAP.KD,4460.33625015969
Marshall Islands,MHL,"Life expectancy at birth, total (years)",SP.DYN.LE00.IN,64.5
Marshall Islands,MHL,Current health expenditure (% of GDP),SH.XPD.CHEX.GD.ZS,15.26284122
Mauritania,MRT,GDP per capita (constant 2015 US$),NY.GDP.PCAP.KD,1628.03885516365
Mauritania,MRT,"Life expectancy at birth, total (years)",SP.DYN.LE00.IN,65.31
Mauritania,MRT,Current health expenditure (% of GDP),SH.XPD.CHEX.GD.ZS,3.17838526
Mauritius,MUS,GDP per capita (constant 2015 US$),NY.GDP.PCAP.KD,10652.4836886859
Mauritius,MUS,"Life expectancy at birth, total (years)",SP.DYN.LE00.IN,74.4163414634146
Mauritius,MUS,Current health expenditure (% of GDP),SH.XPD.CHEX.GD.ZS,5.63982916
Mexico,MEX,GDP per capita (constant 2015 US$),NY.GDP.PCAP.KD,10343.3534302908
Mexico,MEX,"Life expectancy at birth, total (years)",SP.DYN.LE00.IN,74.015
Mexico,MEX,Current health expenditure (% of GDP),SH.XPD.CHEX.GD.ZS,5.38345814
"Micronesia, Fed. Sts.",FSM,GDP per capita (constant 2015 US$),NY.GDP.PCAP.KD,2890.49300548105
"Micronesia, Fed. Sts.",FSM,"Life expectancy at birth, total (years)",SP.DYN.LE00.IN,71.318
"Micronesia, Fed. Sts.",FSM,Current health expenditure (% of GDP),SH.XPD.CHEX.GD.ZS,11.65710258
Moldova,MDA,GDP per capita (constant 2015 US$),NY.GDP.PCAP.KD,3267.9961042872
Moldova,MDA,"Life expectancy at birth, total (years)",SP.DYN.LE00.IN,70.492
Moldova,MDA,Current health expenditure (% of GDP),SH.XPD.CHEX.GD.ZS,6.71
Monaco,MCO,GDP per capita (constant 2015 US$),NY.GDP.PCAP.KD,178571.347957464
Monaco,MCO,"Life expectancy at birth, total (years)",SP.DYN.LE00.IN,..
Monaco,MCO,Current health expenditure (% of GDP),SH.XPD.CHEX.GD.ZS,4.03953457
Mongolia,MNG,GDP per capita (constant 2015 US$),NY.GDP.PCAP.KD,4242.30022157508
Mongolia,MNG,"Life expectancy at birth, total (years)",SP.DYN.LE00.IN,71.199
Mongolia,MNG,Current health expenditure (% of GDP),SH.XPD.CHEX.GD.ZS,4.53449297
Montenegro,MNE,GDP per capita (constant 2015 US$),NY.GDP.PCAP.KD,7381.80764032937
Montenegro,MNE,"Life expectancy at birth, total (years)",SP.DYN.LE00.IN,76.8414634146342
Montenegro,MNE,Current health expenditure (% of GDP),SH.XPD.CHEX.GD.ZS,8.34
Morocco,MAR,GDP per capita (constant 2015 US$),NY.GDP.PCAP.KD,3296.19409179688
Morocco,MAR,"Life expectancy at birth, total (years)",SP.DYN.LE00.IN,73.986
Morocco,MAR,Current health expenditure (% of GDP),SH.XPD.CHEX.GD.ZS,4.94516659
Mozambique,MOZ,GDP per capita (constant 2015 US$),NY.GDP.PCAP.KD,612.599028645783
Mozambique,MOZ,"Life expectancy at birth, total (years)",SP.DYN.LE00.IN,60.526
Mozambique,MOZ,Current health expenditure (% of GDP),SH.XPD.CHEX.GD.ZS,8.0889616
Myanmar,MMR,GDP per capita (constant 2015 US$),NY.GDP.PCAP.KD,1351.38830035161
Myanmar,MMR,"Life expectancy at birth, total (years)",SP.DYN.LE00.IN,66.465
Myanmar,MMR,Current health expenditure (% of GDP),SH.XPD.CHEX.GD.ZS,4.9
Namibia,NAM,GDP per capita (constant 2015 US$),NY.GDP.PCAP.KD,4714.45251824565
Namibia,NAM,"Life expectancy at birth, total (years)",SP.DYN.LE00.IN,62.586
Namibia,NAM,Current health expenditure (% of GDP),SH.XPD.CHEX.GD.ZS,8.31648731
Nauru,NRU,GDP per capita (constant 2015 US$),NY.GDP.PCAP.KD,6881.75424235268
Nauru,NRU,"Life expectancy at birth, total (years)",SP.DYN.LE00.IN,63.234
Nauru,NRU,Current health expenditure (% of GDP),SH.XPD.CHEX.GD.ZS,11.10239792
Nepal,NPL,GDP per capita (constant 2015 US$),NY.GDP.PCAP.KD,1006.60690701003
Nepal,NPL,"Life expectancy at birth, total (years)",SP.DYN.LE00.IN,68.979
Nepal,NPL,Current health expenditure (% of GDP),SH.XPD.CHEX.GD.ZS,4.53
Netherlands,NLD,GDP per capita (constant 2015 US$),NY.GDP.PCAP.KD,47826.8191172843
Netherlands,NLD,"Life expectancy at birth, total (years)",SP.DYN.LE00.IN,81.8121951219512
Netherlands,NLD,Current health expenditure (% of GDP),SH.XPD.CHEX.GD.ZS,10.02
New Caledonia,NCL,GDP per capita (constant 2015 US$),NY.GDP.PCAP.KD,..
New Caledonia,NCL,"Life expectancy at birth, total (years)",SP.DYN.LE00.IN,80.0030975609756
New Caledonia,NCL,Current health expenditure (% of GDP),SH.XPD.CHEX.GD.ZS,..
New Zealand,NZL,GDP per capita (constant 2015 US$),NY.GDP.PCAP.KD,40350.9122003744
New Zealand,NZL,"Life expectancy at birth, total (years)",SP.DYN.LE00.IN,81.7073170731707
New Zealand,NZL,Current health expenditure (% of GDP),SH.XPD.CHEX.GD.ZS,9.0351162
Nicaragua,NIC,GDP per capita (constant 2015 US$),NY.GDP.PCAP.KD,2052.13338335777
Nicaragua,NIC,"Life expectancy at birth, total (years)",SP.DYN.LE00.IN,73.85
Nicaragua,NIC,Current health expenditure (% of GDP),SH.XPD.CHEX.GD.ZS,8.4993515
Niger,NER,GDP per capita (constant 2015 US$),NY.GDP.PCAP.KD,510.595514267758
Niger,NER,"Life expectancy at birth, total (years)",SP.DYN.LE00.IN,62.454
Niger,NER,Current health expenditure (% of GDP),SH.XPD.CHEX.GD.ZS,5.30310822
Nigeria,NGA,GDP per capita (constant 2015 US$),NY.GDP.PCAP.KD,2512.08047529121
Nigeria,NGA,"Life expectancy at birth, total (years)",SP.DYN.LE00.IN,52.554
Nigeria,NGA,Current health expenditure (% of GDP),SH.XPD.CHEX.GD.ZS,3.09069347
North Macedonia,MKD,GDP per capita (constant 2015 US$),NY.GDP.PCAP.KD,5698.39334484489
North Macedonia,MKD,"Life expectancy at birth, total (years)",SP.DYN.LE00.IN,76.6487804878049
North Macedonia,MKD,Current health expenditure (% of GDP),SH.XPD.CHEX.GD.ZS,6.46
Northern Mariana Islands,MNP,GDP per capita (constant 2015 US$),NY.GDP.PCAP.KD,23242.9254375819
Northern Mariana Islands,MNP,"Life expectancy at birth, total (years)",SP.DYN.LE00.IN,..
Northern Mariana Islands,MNP,Current health expenditure (% of GDP),SH.XPD.CHEX.GD.ZS,..
Norway,NOR,GDP per capita (constant 2015 US$),NY.GDP.PCAP.KD,76373.6241145297
Norway,NOR,"Life expectancy at birth, total (years)",SP.DYN.LE00.IN,82.7585365853659
Norway,NOR,Current health expenditure (% of GDP),SH.XPD.CHEX.GD.ZS,9.96
Oman,OMN,GDP per capita (constant 2015 US$),NY.GDP.PCAP.KD,18256.6531453301
Oman,OMN,"Life expectancy at birth, total (years)",SP.DYN.LE00.IN,77.966
Oman,OMN,Current health expenditure (% of GDP),SH.XPD.CHEX.GD.ZS,3.21469474
Pakistan,PAK,GDP per capita (constant 2015 US$),NY.GDP.PCAP.KD,1612.83535268155
Pakistan,PAK,"Life expectancy at birth, total (years)",SP.DYN.LE00.IN,66.482
Pakistan,PAK,Current health expenditure (% of GDP),SH.XPD.CHEX.GD.ZS,2.82844949
Palau,PLW,GDP per capita (constant 2015 US$),NY.GDP.PCAP.KD,15744.7982137504
Palau,PLW,"Life expectancy at birth, total (years)",SP.DYN.LE00.IN,..
Palau,PLW,Current health expenditure (% of GDP),SH.XPD.CHEX.GD.ZS,12.85856915
Panama,PAN,GDP per capita (constant 2015 US$),NY.GDP.PCAP.KD,14922.129988894
Panama,PAN,"Life expectancy at birth, total (years)",SP.DYN.LE00.IN,77.863
Panama,PAN,Current health expenditure (% of GDP),SH.XPD.CHEX.GD.ZS,7.87820292
Papua New Guinea,PNG,GDP per capita (constant 2015 US$),NY.GDP.PCAP.KD,2536.0831879568
Papua New Guinea,PNG,"Life expectancy at birth, total (years)",SP.DYN.LE00.IN,65.182
Papua New Guinea,PNG,Current health expenditure (% of GDP),SH.XPD.CHEX.GD.ZS,2.30051899
Paraguay,PRY,GDP per capita (constant 2015 US$),NY.GDP.PCAP.KD,6338.51367820775
Paraguay,PRY,"Life expectancy at birth, total (years)",SP.DYN.LE00.IN,73.568
Paraguay,PRY,Current health expenditure (% of GDP),SH.XPD.CHEX.GD.ZS,6.74497652
Peru,PER,GDP per capita (constant 2015 US$),NY.GDP.PCAP.KD,6530.42299765457
Peru,PER,"Life expectancy at birth, total (years)",SP.DYN.LE00.IN,76.009
Peru,PER,Current health expenditure (% of GDP),SH.XPD.CHEX.GD.ZS,5.15967131
Philippines,PHL,GDP per capita (constant 2015 US$),NY.GDP.PCAP.KD,3439.10052334951
Philippines,PHL,"Life expectancy at birth, total (years)",SP.DYN.LE00.IN,71.689
Philippines,PHL,Current health expenditure (% of GDP),SH.XPD.CHEX.GD.ZS,3.95
Poland,POL,GDP per capita (constant 2015 US$),NY.GDP.PCAP.KD,14408.384388723
Poland,POL,"Life expectancy at birth, total (years)",SP.DYN.LE00.IN,77.6024390243903
Poland,POL,Current health expenditure (% of GDP),SH.XPD.CHEX.GD.ZS,6.31
Portugal,PRT,GDP per capita (constant 2015 US$),NY.GDP.PCAP.KD,21057.6174784232
Portugal,PRT,"Life expectancy at birth, total (years)",SP.DYN.LE00.IN,81.3243902439024
Portugal,PRT,Current health expenditure (% of GDP),SH.XPD.CHEX.GD.ZS,9.41
Puerto Rico,PRI,GDP per capita (constant 2015 US$),NY.GDP.PCAP.KD,29686.968854595
Puerto Rico,PRI,"Life expectancy at birth, total (years)",SP.DYN.LE00.IN,79.77
Puerto Rico,PRI,Current health expenditure (% of GDP),SH.XPD.CHEX.GD.ZS,..
Qatar,QAT,GDP per capita (constant 2015 US$),NY.GDP.PCAP.KD,60080.696551117
Qatar,QAT,"Life expectancy at birth, total (years)",SP.DYN.LE00.IN,80.898
Qatar,QAT,Current health expenditure (% of GDP),SH.XPD.CHEX.GD.ZS,2.96176219
Romania,ROU,GDP per capita (constant 2015 US$),NY.GDP.PCAP.KD,10778.4483512826
Romania,ROU,"Life expectancy at birth, total (years)",SP.DYN.LE00.IN,75.3585365853659
Romania,ROU,Current health expenditure (% of GDP),SH.XPD.CHEX.GD.ZS,5.52
Russian Federation,RUS,GDP per capita (constant 2015 US$),NY.GDP.PCAP.KD,9674.787109375
Russian Federation,RUS,"Life expectancy at birth, total (years)",SP.DYN.LE00.IN,72.6621951219512
Russian Federation,RUS,Current health expenditure (% of GDP),SH.XPD.CHEX.GD.ZS,5.36
Rwanda,RWA,GDP per capita (constant 2015 US$),NY.GDP.PCAP.KD,814.719960383902
Rwanda,RWA,"Life expectancy at birth, total (years)",SP.DYN.LE00.IN,66.251
Rwanda,RWA,Current health expenditure (% of GDP),SH.XPD.CHEX.GD.ZS,6.69894743
Samoa,WSM,GDP per capita (constant 2015 US$),NY.GDP.PCAP.KD,4277.34201549273
Samoa,WSM,"Life expectancy at birth, total (years)",SP.DYN.LE00.IN,72.636
Samoa,WSM,Current health expenditure (% of GDP),SH.XPD.CHEX.GD.ZS,4.77439356
San Marino,SMR,GDP per capita (constant 2015 US$),NY.GDP.PCAP.KD,43277.5014149123
San Marino,SMR,"Life expectancy at birth, total (years)",SP.DYN.LE00.IN,..
San Marino,SMR,Current health expenditure (% of GDP),SH.XPD.CHEX.GD.ZS,8.2778492
Sao Tome and Principe,STP,GDP per capita (constant 2015 US$),NY.GDP.PCAP.KD,1406.1033821349
Sao Tome and Principe,STP,"Life expectancy at birth, total (years)",SP.DYN.LE00.IN,68.355
Sao Tome and Principe,STP,Current health expenditure (% of GDP),SH.XPD.CHEX.GD.ZS,5.50957823
Saudi Arabia,SAU,GDP per capita (constant 2015 US$),NY.GDP.PCAP.KD,20284.795680432
Saudi Arabia,SAU,"Life expectancy at birth, total (years)",SP.DYN.LE00.IN,77.212
Saudi Arabia,SAU,Current health expenditure (% of GDP),SH.XPD.CHEX.GD.ZS,5.34063101
Senegal,SEN,GDP per capita (constant 2015 US$),NY.GDP.PCAP.KD,1384.64207468007
Senegal,SEN,"Life expectancy at birth, total (years)",SP.DYN.LE00.IN,68.097
Senegal,SEN,Current health expenditure (% of GDP),SH.XPD.CHEX.GD.ZS,4.43182087
Serbia,SRB,GDP per capita (constant 2015 US$),NY.GDP.PCAP.KD,6261.52570046486
Serbia,SRB,"Life expectancy at birth, total (years)",SP.DYN.LE00.IN,75.890243902439
Serbia,SRB,Current health expenditure (% of GDP),SH.XPD.CHEX.GD.ZS,8.53168106
Seychelles,SYC,GDP per capita (constant 2015 US$),NY.GDP.PCAP.KD,18628.1862276696
Seychelles,SYC,"Life expectancy at birth, total (years)",SP.DYN.LE00.IN,72.8414634146341
Seychelles,SYC,Current health expenditure (% of GDP),SH.XPD.CHEX.GD.ZS,4.94443846
Sierra Leone,SLE,GDP per capita (constant 2015 US$),NY.GDP.PCAP.KD,617.529519430669
Sierra Leone,SLE,"Life expectancy at birth, total (years)",SP.DYN.LE00.IN,59.796
Sierra Leone,SLE,Current health expenditure (% of GDP),SH.XPD.CHEX.GD.ZS,8.28987598
Singapore,SGP,GDP per capita (constant 2015 US$),NY.GDP.PCAP.KD,61216.1250918658
Singapore,SGP,"Life expectancy at birth, total (years)",SP.DYN.LE00.IN,83.2975609756098
Singapore,SGP,Current health expenditure (% of GDP),SH.XPD.CHEX.GD.ZS,4.07545424
Sint Maarten (Dutch part),SXM,GDP per capita (constant 2015 US$),NY.GDP.PCAP.KD,31668.1363245556
Sint Maarten (Dutch part),SXM,"Life expectancy at birth, total (years)",SP.DYN.LE00.IN,75.131
Sint Maarten (Dutch part),SXM,Current health expenditure (% of GDP),SH.XPD.CHEX.GD.ZS,..
Slovak Republic,SVK,GDP per capita (constant 2015 US$),NY.GDP.PCAP.KD,17818.2341072167
Slovak Republic,SVK,"Life expectancy at birth, total (years)",SP.DYN.LE00.IN,77.2658536585366
Slovak Republic,SVK,Current health expenditure (% of GDP),SH.XPD.CHEX.GD.ZS,6.67
Slovenia,SVN,GDP per capita (constant 2015 US$),NY.GDP.PCAP.KD,23483.529124564
Slovenia,SVN,"Life expectancy at birth, total (years)",SP.DYN.LE00.IN,81.3780487804878
Slovenia,SVN,Current health expenditure (% of GDP),SH.XPD.CHEX.GD.ZS,8.28
Solomon Islands,SLB,GDP per capita (constant 2015 US$),NY.GDP.PCAP.KD,2217.81727876586
Solomon Islands,SLB,"Life expectancy at birth, total (years)",SP.DYN.LE00.IN,70.173
Solomon Islands,SLB,Current health expenditure (% of GDP),SH.XPD.CHEX.GD.ZS,3.77378345
Somalia,SOM,GDP per capita (constant 2015 US$),NY.GDP.PCAP.KD,543.977580741326
Somalia,SOM,"Life expectancy at birth, total (years)",SP.DYN.LE00.IN,56.375
Somalia,SOM,Current health expenditure (% of GDP),SH.XPD.CHEX.GD.ZS,..
South Africa,ZAF,GDP per capita (constant 2015 US$),NY.GDP.PCAP.KD,6253.11899645914
South Africa,ZAF,"Life expectancy at birth, total (years)",SP.DYN.LE00.IN,65.674
South Africa,ZAF,Current health expenditure (% of GDP),SH.XPD.CHEX.GD.ZS,8.08820343
South Sudan,SSD,GDP per capita (constant 2015 US$),NY.GDP.PCAP.KD,..
South Sudan,SSD,"Life expectancy at birth, total (years)",SP.DYN.LE00.IN,55.95
South Sudan,SSD,Current health expenditure (% of GDP),SH.XPD.CHEX.GD.ZS,10.05615997
Spain,ESP,GDP per capita (constant 2015 US$),NY.GDP.PCAP.KD,27739.8647682529
Spain,ESP,"Life expectancy at birth, total (years)",SP.DYN.LE00.IN,83.4317073170732
Spain,ESP,Current health expenditure (% of GDP),SH.XPD.CHEX.GD.ZS,8.99686718
Sri Lanka,LKA,GDP per capita (constant 2015 US$),NY.GDP.PCAP.KD,4495.71046284418
Sri Lanka,LKA,"Life expectancy at birth, total (years)",SP.DYN.LE00.IN,75.748
Sri Lanka,LKA,Current health expenditure (% of GDP),SH.XPD.CHEX.GD.ZS,3.64
St. Kitts and Nevis,KNA,GDP per capita (constant 2015 US$),NY.GDP.PCAP.KD,21294.3919320404
St. Kitts and Nevis,KNA,"Life expectancy at birth, total (years)",SP.DYN.LE00.IN,71.467
St. Kitts and Nevis,KNA,Current health expenditure (% of GDP),SH.XPD.CHEX.GD.ZS,4.89200258
St. Lucia,LCA,GDP per capita (constant 2015 US$),NY.GDP.PCAP.KD,11178.8613288299
St. Lucia,LCA,"Life expectancy at birth, total (years)",SP.DYN.LE00.IN,73.357
St. Lucia,LCA,Current health expenditure (% of GDP),SH.XPD.CHEX.GD.ZS,4.18686533
St. Martin (French part),MAF,GDP per capita (constant 2015 US$),NY.GDP.PCAP.KD,..
St. Martin (French part),MAF,"Life expectancy at birth, total (years)",SP.DYN.LE00.IN,80.614
St. Martin (French part),MAF,Current health expenditure (% of GDP),SH.XPD.CHEX.GD.ZS,..
St. Vincent and the Grenadines,VCT,GDP per capita (constant 2015 US$),NY.GDP.PCAP.KD,8144.15082058925
St. Vincent and the Grenadines,VCT,"Life expectancy at birth, total (years)",SP.DYN.LE00.IN,74.128
St. Vincent and the Grenadines,VCT,Current health expenditure (% of GDP),SH.XPD.CHEX.GD.ZS,4.25346231
Sudan,SDN,GDP per capita (constant 2015 US$),NY.GDP.PCAP.KD,1248.95727539063
Sudan,SDN,"Life expectancy at birth, total (years)",SP.DYN.LE00.IN,65.681
Sudan,SDN,Current health expenditure (% of GDP),SH.XPD.CHEX.GD.ZS,4.46358299
Suriname,SUR,GDP per capita (constant 2015 US$),NY.GDP.PCAP.KD,8751.28397676744
Suriname,SUR,"Life expectancy at birth, total (years)",SP.DYN.LE00.IN,72.553
Suriname,SUR,Current health expenditure (% of GDP),SH.XPD.CHEX.GD.ZS,6.68795872
Sweden,SWE,GDP per capita (constant 2015 US$),NY.GDP.PCAP.KD,52983.0068617482
Sweden,SWE,"Life expectancy at birth, total (years)",SP.DYN.LE00.IN,82.5585365853659
Sweden,SWE,Current health expenditure (% of GDP),SH.XPD.CHEX.GD.ZS,10.94
Switzerland,CHE,GDP per capita (constant 2015 US$),NY.GDP.PCAP.KD,86756.6021294513
Switzerland,CHE,"Life expectancy at birth, total (years)",SP.DYN.LE00.IN,83.7536585365854
Switzerland,CHE,Current health expenditure (% of GDP),SH.XPD.CHEX.GD.ZS,10.77226162
Syrian Arab Republic,SYR,GDP per capita (constant 2015 US$),NY.GDP.PCAP.KD,802.430209355374
Syrian Arab Republic,SYR,"Life expectancy at birth, total (years)",SP.DYN.LE00.IN,70.145
Syrian Arab Republic,SYR,Current health expenditure (% of GDP),SH.XPD.CHEX.GD.ZS,..
Tajikistan,TJK,GDP per capita (constant 2015 US$),NY.GDP.PCAP.KD,1116.29302105025
Tajikistan,TJK,"Life expectancy at birth, total (years)",SP.DYN.LE00.IN,70.353
Tajikistan,TJK,Current health expenditure (% of GDP),SH.XPD.CHEX.GD.ZS,7.01
Tanzania,TZA,GDP per capita (constant 2015 US$),NY.GDP.PCAP.KD,1012.49896240234
Tanzania,TZA,"Life expectancy at birth, total (years)",SP.DYN.LE00.IN,66.535
Tanzania,TZA,Current health expenditure (% of GDP),SH.XPD.CHEX.GD.ZS,4.16191673
Thailand,THA,GDP per capita (constant 2015 US$),NY.GDP.PCAP.KD,6336.23967742373
Thailand,THA,"Life expectancy at birth, total (years)",SP.DYN.LE00.IN,78.662
Thailand,THA,Current health expenditure (% of GDP),SH.XPD.CHEX.GD.ZS,3.87040329
Timor-Leste,TLS,GDP per capita (constant 2015 US$),NY.GDP.PCAP.KD,1256.90389911275
Timor-Leste,TLS,"Life expectancy at birth, total (years)",SP.DYN.LE00.IN,68.017
Timor-Leste,TLS,Current health expenditure (% of GDP),SH.XPD.CHEX.GD.ZS,6.36952639
Togo,TGO,GDP per capita (constant 2015 US$),NY.GDP.PCAP.KD,812.458810664643
Togo,TGO,"Life expectancy at birth, total (years)",SP.DYN.LE00.IN,60.244
Togo,TGO,Current health expenditure (% of GDP),SH.XPD.CHEX.GD.ZS,6.08894634
Tonga,TON,GDP per capita (constant 2015 US$),NY.GDP.PCAP.KD,4587.2801410509
Tonga,TON,"Life expectancy at birth, total (years)",SP.DYN.LE00.IN,70.779
Tonga,TON,Current health expenditure (% of GDP),SH.XPD.CHEX.GD.ZS,4.80628061
Trinidad and Tobago,TTO,GDP per capita (constant 2015 US$),NY.GDP.PCAP.KD,15716.4205407057
Trinidad and Tobago,TTO,"Life expectancy at birth, total (years)",SP.DYN.LE00.IN,73.802
Trinidad and Tobago,TTO,Current health expenditure (% of GDP),SH.XPD.CHEX.GD.ZS,6.5323596
Tunisia,TUN,GDP per capita (constant 2015 US$),NY.GDP.PCAP.KD,4070.14981945375
Tunisia,TUN,"Life expectancy at birth, total (years)",SP.DYN.LE00.IN,75.95
Tunisia,TUN,Current health expenditure (% of GDP),SH.XPD.CHEX.GD.ZS,5.9375186
Turkiye,TUR,GDP per capita (constant 2015 US$),NY.GDP.PCAP.KD,12148.2942496874
Turkiye,TUR,"Life expectancy at birth, total (years)",SP.DYN.LE00.IN,77.563
Turkiye,TUR,Current health expenditure (% of GDP),SH.XPD.CHEX.GD.ZS,4.12
Turkmenistan,TKM,GDP per capita (constant 2015 US$),NY.GDP.PCAP.KD,7089.94180488049
Turkmenistan,TKM,"Life expectancy at birth, total (years)",SP.DYN.LE00.IN,68.796
Turkmenistan,TKM,Current health expenditure (% of GDP),SH.XPD.CHEX.GD.ZS,5.69395018
Turks and Caicos Islands,TCA,GDP per capita (constant 2015 US$),NY.GDP.PCAP.KD,25077.5626030133
Turks and Caicos Islands,TCA,"Life expectancy at birth, total (years)",SP.DYN.LE00.IN,76.443
Turks and Caicos Islands,TCA,Current health expenditure (% of GDP),SH.XPD.CHEX.GD.ZS,..
Tuvalu,TUV,GDP per capita (constant 2015 US$),NY.GDP.PCAP.KD,3718.43097727405
Tuvalu,TUV,"Life expectancy at birth, total (years)",SP.DYN.LE00.IN,64.212
Tuvalu,TUV,Current health expenditure (% of GDP),SH.XPD.CHEX.GD.ZS,18.64067841
Uganda,UGA,GDP per capita (constant 2015 US$),NY.GDP.PCAP.KD,896.162531916137
Uganda,UGA,"Life expectancy at birth, total (years)",SP.DYN.LE00.IN,62.714
Uganda,UGA,Current health expenditure (% of GDP),SH.XPD.CHEX.GD.ZS,4.02080536
Ukraine,UKR,GDP per capita (constant 2015 US$),NY.GDP.PCAP.KD,2336.9765625
Ukraine,UKR,"Life expectancy at birth, total (years)",SP.DYN.LE00.IN,71.5826829268293
Ukraine,UKR,Current health expenditure (% of GDP),SH.XPD.CHEX.GD.ZS,7.52
United Arab Emirates,ARE,GDP per capita (constant 2015 US$),NY.GDP.PCAP.KD,43644.1470474986
United Arab Emirates,ARE,"Life expectancy at birth, total (years)",SP.DYN.LE00.IN,79.627
United Arab Emirates,ARE,Current health expenditure (% of GDP),SH.XPD.CHEX.GD.ZS,4.09854221
United Kingdom,GBR,GDP per capita (constant 2015 US$),NY.GDP.PCAP.KD,46740.5535926377
United Kingdom,GBR,"Life expectancy at birth, total (years)",SP.DYN.LE00.IN,81.2560975609756
United Kingdom,GBR,Current health expenditure (% of GDP),SH.XPD.CHEX.GD.ZS,9.73079777
United States,USA,GDP per capita (constant 2015 US$),NY.GDP.PCAP.KD,60127.2102775233
United States,USA,"Life expectancy at birth, total (years)",SP.DYN.LE00.IN,78.6390243902439
United States,USA,Current health expenditure (% of GDP),SH.XPD.CHEX.GD.ZS,16.62964439
Uruguay,URY,GDP per capita (constant 2015 US$),NY.GDP.PCAP.KD,17441.8652430426
Uruguay,URY,"Life expectancy at birth, total (years)",SP.DYN.LE00.IN,77.611
Uruguay,URY,Current health expenditure (% of GDP),SH.XPD.CHEX.GD.ZS,9.01452351
Uzbekistan,UZB,GDP per capita (constant 2015 US$),NY.GDP.PCAP.KD,3062.4862228174
Uzbekistan,UZB,"Life expectancy at birth, total (years)",SP.DYN.LE00.IN,71.149
Uzbekistan,UZB,Current health expenditure (% of GDP),SH.XPD.CHEX.GD.ZS,5.08
Vanuatu,VUT,GDP per capita (constant 2015 US$),NY.GDP.PCAP.KD,2815.5871437955
Vanuatu,VUT,"Life expectancy at birth, total (years)",SP.DYN.LE00.IN,69.795
Vanuatu,VUT,Current health expenditure (% of GDP),SH.XPD.CHEX.GD.ZS,3.31753612
"Venezuela, RB",VEN,GDP per capita (constant 2015 US$),NY.GDP.PCAP.KD,..
"Venezuela, RB",VEN,"Life expectancy at birth, total (years)",SP.DYN.LE00.IN,71.979
"Venezuela, RB",VEN,Current health expenditure (% of GDP),SH.XPD.CHEX.GD.ZS,2.41691327
Viet Nam,VNM,GDP per capita (constant 2015 US$),NY.GDP.PCAP.KD,3090.77259500058
Viet Nam,VNM,"Life expectancy at birth, total (years)",SP.DYN.LE00.IN,73.976
Viet Nam,VNM,Current health expenditure (% of GDP),SH.XPD.CHEX.GD.ZS,5.02678823
Virgin Islands (U.S.),VIR,GDP per capita (constant 2015 US$),NY.GDP.PCAP.KD,35183.2357524821
Virgin Islands (U.S.),VIR,"Life expectancy at birth, total (years)",SP.DYN.LE00.IN,79.5195121951219
Virgin Islands (U.S.),VIR,Current health expenditure (% of GDP),SH.XPD.CHEX.GD.ZS,..
West Bank and Gaza,PSE,GDP per capita (constant 2015 US$),NY.GDP.PCAP.KD,3417.79440837962
West Bank and Gaza,PSE,"Life expectancy at birth, total (years)",SP.DYN.LE00.IN,74.793
West Bank and Gaza,PSE,Current health expenditure (% of GDP),SH.XPD.CHEX.GD.ZS,..
"Yemen, Rep.",YEM,GDP per capita (constant 2015 US$),NY.GDP.PCAP.KD,1194.82057626298
"Yemen, Rep.",YEM,"Life expectancy at birth, total (years)",SP.DYN.LE00.IN,64.575
"Yemen, Rep.",YEM,Current health expenditure (% of GDP),SH.XPD.CHEX.GD.ZS,..
Zambia,ZMB,GDP per capita (constant 2015 US$),NY.GDP.PCAP.KD,1331.44924435525
Zambia,ZMB,"Life expectancy at birth, total (years)",SP.DYN.LE00.IN,62.342
Zambia,ZMB,Current health expenditure (% of GDP),SH.XPD.CHEX.GD.ZS,4.76996708
Zimbabwe,ZWE,GDP per capita (constant 2015 US$),NY.GDP.PCAP.KD,1462.59027890974
Zimbabwe,ZWE,"Life expectancy at birth, total (years)",SP.DYN.LE00.IN,61.414
Zimbabwe,ZWE,Current health expenditure (% of GDP),SH.XPD.CHEX.GD.ZS,4.67039156
Africa Eastern and Southern,AFE,GDP per capita (constant 2015 US$),NY.GDP.PCAP.KD,1490.70105690211
Africa Eastern and Southern,AFE,"Life expectancy at birth, total (years)",SP.DYN.LE00.IN,63.3658626111831
Africa Eastern and Southern,AFE,Current health expenditure (% of GDP),SH.XPD.CHEX.GD.ZS,5.80933394285329
Africa Western and Central,AFW,GDP per capita (constant 2015 US$),NY.GDP.PCAP.KD,1830.94562280839
Africa Western and Central,AFW,"Life expectancy at birth, total (years)",SP.DYN.LE00.IN,57.1891392680655
Africa Western and Central,AFW,Current health expenditure (% of GDP),SH.XPD.CHEX.GD.ZS,3.43033775174923
Arab World,ARB,GDP per capita (constant 2015 US$),NY.GDP.PCAP.KD,6348.44634514788
Arab World,ARB,"Life expectancy at birth, total (years)",SP.DYN.LE00.IN,71.6330166549463
Arab World,ARB,Current health expenditure (% of GDP),SH.XPD.CHEX.GD.ZS,4.85829799207426
Caribbean small states,CSS,GDP per capita (constant 2015 US$),NY.GDP.PCAP.KD,11902.2579416699
Caribbean small states,CSS,"Life expectancy at birth, total (years)",SP.DYN.LE00.IN,72.7112410753584
Caribbean small states,CSS,Current health expenditure (% of GDP),SH.XPD.CHEX.GD.ZS,5.63567081457518
Central Europe and the Baltics,CEB,GDP per capita (constant 2015 US$),NY.GDP.PCAP.KD,14298.5480218641
Central Europe and the Baltics,CEB,"Life expectancy at birth, total (years)",SP.DYN.LE00.IN,76.9768226818402
Central Europe and the Baltics,CEB,Current health expenditure (% of GDP),SH.XPD.CHEX.GD.ZS,6.55215705402909
Early-demographic dividend,EAR,GDP per capita (constant 2015 US$),NY.GDP.PCAP.KD,3527.04855505727
Early-demographic dividend,EAR,"Life expectancy at birth, total (years)",SP.DYN.LE00.IN,70.7948250264641
Early-demographic dividend,EAR,Current health expenditure (% of GDP),SH.XPD.CHEX.GD.ZS,4.70495109425599
East Asia & Pacific,EAS,GDP per capita (constant 2015 US$),NY.GDP.PCAP.KD,10820.1895902044
East Asia & Pacific,EAS,"Life expectancy at birth, total (years)",SP.DYN.LE00.IN,76.593958850351
East Asia & Pacific,EAS,Current health expenditure (% of GDP),SH.XPD.CHEX.GD.ZS,6.55704701624171
East Asia & Pacific (excluding high income),EAP,GDP per capita (constant 2015 US$),NY.GDP.PCAP.KD,7705.28265410491
East Asia & Pacific (excluding high income),EAP,"Life expectancy at birth, total (years)",SP.DYN.LE00.IN,75.801433724838
East Asia & Pacific (excluding high income),EAP,Current health expenditure (% of GDP),SH.XPD.CHEX.GD.ZS,4.91792868707212
East Asia & Pacific (IDA & IBRD countries),TEA,GDP per capita (constant 2015 US$),NY.GDP.PCAP.KD,7791.04264362603
East Asia & Pacific (IDA & IBRD countries),TEA,"Life expectancy at birth, total (years)",SP.DYN.LE00.IN,75.8356932818659
East Asia & Pacific (IDA & IBRD countries),TEA,Current health expenditure (% of GDP),SH.XPD.CHEX.GD.ZS,4.91811510953026
Euro area,EMU,GDP per capita (constant 2015 US$),NY.GDP.PCAP.KD,36051.2318593564
Euro area,EMU,"Life expectancy at birth, total (years)",SP.DYN.LE00.IN,82.0045418889234
Euro area,EMU,Current health expenditure (% of GDP),SH.XPD.CHEX.GD.ZS,10.1489547673443
Europe & Central Asia,ECS,GDP per capita (constant 2015 US$),NY.GDP.PCAP.KD,23890.7705756439
Europe & Central Asia,ECS,"Life expectancy at birth, total (years)",SP.DYN.LE00.IN,77.9065124477291
Europe & Central Asia,ECS,Current health expenditure (% of GDP),SH.XPD.CHEX.GD.ZS,9.24191405666978
Europe & Central Asia (excluding high income),ECA,GDP per capita (constant 2015 US$),NY.GDP.PCAP.KD,6926.95089041506
Europe & Central Asia (excluding high income),ECA,"Life expectancy at birth, total (years)",SP.DYN.LE00.IN,74.1037358766071
Europe & Central Asia (excluding high income),ECA,Current health expenditure (% of GDP),SH.XPD.CHEX.GD.ZS,4.80459994489343
Europe & Central Asia (IDA & IBRD countries),TEC,GDP per capita (constant 2015 US$),NY.GDP.PCAP.KD,8705.98998253335
Europe & Central Asia (IDA & IBRD countries),TEC,"Life expectancy at birth, total (years)",SP.DYN.LE00.IN,74.0382839699586
Europe & Central Asia (IDA & IBRD countries),TEC,Current health expenditure (% of GDP),SH.XPD.CHEX.GD.ZS,5.36209095761148
European Union,EUU,GDP per capita (constant 2015 US$),NY.GDP.PCAP.KD,32456.7454998497
European Union,EUU,"Life expectancy at birth, total (years)",SP.DYN.LE00.IN,81.0287289990803
European Union,EUU,Current health expenditure (% of GDP),SH.XPD.CHEX.GD.ZS,9.8741508448386
Fragile and conflict affected situations,FCS,GDP per capita (constant 2015 US$),NY.GDP.PCAP.KD,1857.92935971625
Fragile and conflict affected situations,FCS,"Life expectancy at birth, total (years)",SP.DYN.LE00.IN,61.9720515279674
Fragile and conflict affected situations,FCS,Current health expenditure (% of GDP),SH.XPD.CHEX.GD.ZS,4.44308552415849
Heavily indebted poor countries (HIPC),HPC,GDP per capita (constant 2015 US$),NY.GDP.PCAP.KD,962.016004235601
Heavily indebted poor countries (HIPC),HPC,"Life expectancy at birth, total (years)",SP.DYN.LE00.IN,62.9475759474084
Heavily indebted poor countries (HIPC),HPC,Current health expenditure (% of GDP),SH.XPD.CHEX.GD.ZS,4.64838728317207
High income,HIC,GDP per capita (constant 2015 US$),NY.GDP.PCAP.KD,38420.0175893816
High income,HIC,"Life expectancy at birth, total (years)",SP.DYN.LE00.IN,79.8872244357968
High income,HIC,Current health expenditure (% of GDP),SH.XPD.CHEX.GD.ZS,12.0636612302603
IBRD only,IBD,GDP per capita (constant 2015 US$),NY.GDP.PCAP.KD,6223.29765160822
IBRD only,IBD,"Life expectancy at birth, total (years)",SP.DYN.LE00.IN,73.9359811080562
IBRD only,IBD,Current health expenditure (% of GDP),SH.XPD.CHEX.GD.ZS,5.39228216429735
IDA & IBRD total,IBT,GDP per capita (constant 2015 US$),NY.GDP.PCAP.KD,4976.32841838627
IDA & IBRD total,IBT,"Life expectancy at birth, total (years)",SP.DYN.LE00.IN,71.3213944245514
IDA & IBRD total,IBT,Current health expenditure (% of GDP),SH.XPD.CHEX.GD.ZS,5.26996437096879
IDA blend,IDB,GDP per capita (constant 2015 US$),NY.GDP.PCAP.KD,2043.92993170253
IDA blend,IDB,"Life expectancy at birth, total (years)",SP.DYN.LE00.IN,61.0824741753045
IDA blend,IDB,Current health expenditure (% of GDP),SH.XPD.CHEX.GD.ZS,3.2653883453901
IDA only,IDX,GDP per capita (constant 2015 US$),NY.GDP.PCAP.KD,1119.85469475113
IDA only,IDX,"Life expectancy at birth, total (years)",SP.DYN.LE00.IN,65.277193059858
IDA only,IDX,Current health expenditure (% of GDP),SH.XPD.CHEX.GD.ZS,4.02308659319169
IDA total,IDA,GDP per capita (constant 2015 US$),NY.GDP.PCAP.KD,1427.40663196563
IDA total,IDA,"Life expectancy at birth, total (years)",SP.DYN.LE00.IN,63.8811011969586
IDA total,IDA,Current health expenditure (% of GDP),SH.XPD.CHEX.GD.ZS,3.67784197120161
Late-demographic dividend,LTE,GDP per capita (constant 2015 US$),NY.GDP.PCAP.KD,9355.6834650395
Late-demographic dividend,LTE,"Life expectancy at birth, total (years)",SP.DYN.LE00.IN,76.7690000221466
Late-demographic dividend,LTE,Current health expenditure (% of GDP),SH.XPD.CHEX.GD.ZS,5.62344434069188
Latin America & Caribbean,LCN,GDP per capita (constant 2015 US$),NY.GDP.PCAP.KD,8737.41630311707
Latin America & Caribbean,LCN,"Life expectancy at birth, total (years)",SP.DYN.LE00.IN,74.8514979250988
Latin America & Caribbean,LCN,Current health expenditure (% of GDP),SH.XPD.CHEX.GD.ZS,7.96831789923624
Latin America & Caribbean (excluding high income),LAC,GDP per capita (constant 2015 US$),NY.GDP.PCAP.KD,8287.68653877903
Latin America & Caribbean (excluding high income),LAC,"Life expectancy at birth, total (years)",SP.DYN.LE00.IN,74.7719810774371
Latin America & Caribbean (excluding high income),LAC,Current health expenditure (% of GDP),SH.XPD.CHEX.GD.ZS,7.89788035714924
Latin America & the Caribbean (IDA & IBRD countries),TLA,GDP per capita (constant 2015 US$),NY.GDP.PCAP.KD,8602.30803224304
Latin America & the Caribbean (IDA & IBRD countries),TLA,"Life expectancy at birth, total (years)",SP.DYN.LE00.IN,74.7775148407287
Latin America & the Caribbean (IDA & IBRD countries),TLA,Current health expenditure (% of GDP),SH.XPD.CHEX.GD.ZS,7.91482112604769
Least developed countries: UN classification,LDC,GDP per capita (constant 2015 US$),NY.GDP.PCAP.KD,1019.736613418
Least developed countries: UN classification,LDC,"Life expectancy at birth, total (years)",SP.DYN.LE00.IN,64.8137975348856
Least developed countries: UN classification,LDC,Current health expenditure (% of GDP),SH.XPD.CHEX.GD.ZS,3.83500808053236
Low & middle income,LMY,GDP per capita (constant 2015 US$),NY.GDP.PCAP.KD,4696.99350317197
Low & middle income,LMY,"Life expectancy at birth, total (years)",SP.DYN.LE00.IN,71.2136725409061
Low & middle income,LMY,Current health expenditure (% of GDP),SH.XPD.CHEX.GD.ZS,5.19874961832487
Low income,LIC,GDP per capita (constant 2015 US$),NY.GDP.PCAP.KD,717.083496497129
Low income,LIC,"Life expectancy at birth, total (years)",SP.DYN.LE00.IN,62.9952039179532
Low income,LIC,Current health expenditure (% of GDP),SH.XPD.CHEX.GD.ZS,4.99366417856493
Lower middle income,LMC,GDP per capita (constant 2015 US$),NY.GDP.PCAP.KD,2087.23959081908
Lower middle income,LMC,"Life expectancy at birth, total (years)",SP.DYN.LE00.IN,68.5763043724072
Lower middle income,LMC,Current health expenditure (% of GDP),SH.XPD.CHEX.GD.ZS,3.47104358204545
Middle East & North Africa,MEA,GDP per capita (constant 2015 US$),NY.GDP.PCAP.KD,7489.14121107498
Middle East & North Africa,MEA,"Life expectancy at birth, total (years)",SP.DYN.LE00.IN,73.8115171255443
Middle East & North Africa,MEA,Current health expenditure (% of GDP),SH.XPD.CHEX.GD.ZS,5.42423930112215
Middle East & North Africa (excluding high income),MNA,GDP per capita (constant 2015 US$),NY.GDP.PCAP.KD,4057.46224086583
Middle East & North Africa (excluding high income),MNA,"Life expectancy at birth, total (years)",SP.DYN.LE00.IN,72.9843734174749
Middle East & North Africa (excluding high income),MNA,Current health expenditure (% of GDP),SH.XPD.CHEX.GD.ZS,5.92507486315291
Middle East & North Africa (IDA & IBRD countries),TMN,GDP per capita (constant 2015 US$),NY.GDP.PCAP.KD,4064.88390551889
Middle East & North Africa (IDA & IBRD countries),TMN,"Life expectancy at birth, total (years)",SP.DYN.LE00.IN,72.9633890576299
Middle East & North Africa (IDA & IBRD countries),TMN,Current health expenditure (% of GDP),SH.XPD.CHEX.GD.ZS,5.92507486315291
Middle income,MIC,GDP per capita (constant 2015 US$),NY.GDP.PCAP.KD,5144.07034222491
Middle income,MIC,"Life expectancy at birth, total (years)",SP.DYN.LE00.IN,72.1367959054001
Middle income,MIC,Current health expenditure (% of GDP),SH.XPD.CHEX.GD.ZS,5.20116100489775
North America,NAC,GDP per capita (constant 2015 US$),NY.GDP.PCAP.KD,58585.1701888331
North America,NAC,"Life expectancy at birth, total (years)",SP.DYN.LE00.IN,78.9658408891533
North America,NAC,Current health expenditure (% of GDP),SH.XPD.CHEX.GD.ZS,16.1883866378522
Not classified,INX,GDP per capita (constant 2015 US$),NY.GDP.PCAP.KD,..
Not classified,INX,"Life expectancy at birth, total (years)",SP.DYN.LE00.IN,..
Not classified,INX,Current health expenditure (% of GDP),SH.XPD.CHEX.GD.ZS,..
OECD members,OED,GDP per capita (constant 2015 US$),NY.GDP.PCAP.KD,37519.4585593511
OECD members,OED,"Life expectancy at birth, total (years)",SP.DYN.LE00.IN,80.0115717465781
OECD members,OED,Current health expenditure (% of GDP),SH.XPD.CHEX.GD.ZS,12.325268485784
Other small states,OSS,GDP per capita (constant 2015 US$),NY.GDP.PCAP.KD,12616.2964741996
Other small states,OSS,"Life expectancy at birth, total (years)",SP.DYN.LE00.IN,73.2401483121548
Other small states,OSS,Current health expenditure (% of GDP),SH.XPD.CHEX.GD.ZS,6.12084892894174
Pacific island small states,PSS,GDP per capita (constant 2015 US$),NY.GDP.PCAP.KD,4013.34944142035
Pacific island small states,PSS,"Life expectancy at birth, total (years)",SP.DYN.LE00.IN,69.2137482861639
Pacific island small states,PSS,Current health expenditure (% of GDP),SH.XPD.CHEX.GD.ZS,5.15198539355509
Post-demographic dividend,PST,GDP per capita (constant 2015 US$),NY.GDP.PCAP.KD,42913.4484995818
Post-demographic dividend,PST,"Life expectancy at birth, total (years)",SP.DYN.LE00.IN,80.6701397121385
Post-demographic dividend,PST,Current health expenditure (% of GDP),SH.XPD.CHEX.GD.ZS,12.7563311511426
Pre-demographic dividend,PRE,GDP per capita (constant 2015 US$),NY.GDP.PCAP.KD,1496.4625401909
Pre-demographic dividend,PRE,"Life expectancy at birth, total (years)",SP.DYN.LE00.IN,60.3548387754098
Pre-demographic dividend,PRE,Current health expenditure (% of GDP),SH.XPD.CHEX.GD.ZS,3.86660087193419
Small states,SST,GDP per capita (constant 2015 US$),NY.GDP.PCAP.KD,11376.3249875656
Small states,SST,"Life expectancy at birth, total (years)",SP.DYN.LE00.IN,72.6308564795014
Small states,SST,Current health expenditure (% of GDP),SH.XPD.CHEX.GD.ZS,6.00447250691342
South Asia,SAS,GDP per capita (constant 2015 US$),NY.GDP.PCAP.KD,1812.81081426728
South Asia,SAS,"Life expectancy at birth, total (years)",SP.DYN.LE00.IN,70.2534786113924
South Asia,SAS,Current health expenditure (% of GDP),SH.XPD.CHEX.GD.ZS,2.90913088806795
South Asia (IDA & IBRD),TSA,GDP per capita (constant 2015 US$),NY.GDP.PCAP.KD,1812.81081426728
South Asia (IDA & IBRD),TSA,"Life expectancy at birth, total (years)",SP.DYN.LE00.IN,70.2534786113924
South Asia (IDA & IBRD),TSA,Current health expenditure (% of GDP),SH.XPD.CHEX.GD.ZS,2.90913088806795
Sub-Saharan Africa,SSF,GDP per capita (constant 2015 US$),NY.GDP.PCAP.KD,1628.56962983334
Sub-Saharan Africa,SSF,"Life expectancy at birth, total (years)",SP.DYN.LE00.IN,60.8630275388921
Sub-Saharan Africa,SSF,Current health expenditure (% of GDP),SH.XPD.CHEX.GD.ZS,4.77488819304456
Sub-Saharan Africa (excluding high income),SSA,GDP per capita (constant 2015 US$),NY.GDP.PCAP.KD,1627.06371933063
Sub-Saharan Africa (excluding high income),SSA,"Life expectancy at birth, total (years)",SP.DYN.LE00.IN,60.8619664295261
Sub-Saharan Africa (excluding high income),SSA,Current health expenditure (% of GDP),SH.XPD.CHEX.GD.ZS,4.77471677594038
Upper middle income,UMC,GDP per capita (constant 2015 US$),NY.GDP.PCAP.KD,8321.04957434134
Upper middle income,UMC,"Life expectancy at birth, total (years)",SP.DYN.LE00.IN,75.8372322646074
Upper middle income,UMC,Current health expenditure (% of GDP),SH.XPD.CHEX.GD.ZS,5.64550212523577
Sub-Saharan Africa (IDA & IBRD countries),TSS,GDP per capita (constant 2015 US$),NY.GDP.PCAP.KD,1628.56962983334
Sub-Saharan Africa (IDA & IBRD countries),TSS,"Life expectancy at birth, total (years)",SP.DYN.LE00.IN,60.8630275388921
Sub-Saharan Africa (IDA & IBRD countries),TSS,Current health expenditure (% of GDP),SH.XPD.CHEX.GD.ZS,4.77488819304456
World,WLD,GDP per capita (constant 2015 US$),NY.GDP.PCAP.KD,10807.8880462087
World,WLD,"Life expectancy at birth, total (years)",SP.DYN.LE00.IN,72.7830363532923
World,WLD,Current health expenditure (% of GDP),SH.XPD.CHEX.GD.ZS,9.67906137666843
,,,,
,,,,
,,,,
Data from database: World Development Indicators,,,,
Last Updated: 06/28/2024,,,,
